﻿{
  "qestion": [
    {
      "bRep": "Alexis",
      "mRep1": "La réponse D",
      "mRep2": "Massey",
      "mRep3": "Je ne sais pas",
      "Question": "Quel est le prénom d'Alexis ?"
    },
    {
      "bRep": "Centre Universitaire Catholique De Bourgogne",
      "mRep1": "Convergence Urinaire de la Carotide Démangeante Bonienne",
      "mRep2": "La réponse D",
      "mRep3": "Je ne sais pas",
      "Question": "Que veut dire CUCDB ?"
    },
    {
      "bRep": "Les réseaux",
      "mRep1": "Les secretaires",
      "mRep2": "La réponse D",
      "mRep3": "Dieu",
      "Question": "A cause de qui le débit du réseau de Diiage est si bas ?"
    },
    {
      "bRep": "Non car il n'a pas de collant",
      "mRep1": "Alors là bonne question!",
      "mRep2": "La réponse D",
      "mRep3": "Anticonstitutionnelement vrai",
      "Question": "Est-ce que Dieu à les mêmes pouvoirs que superman ?"
    }
  ]
}
